UNIDADE,CIDADÃO NOME,CIDADÃO DN,IDADE,SEXO,RAÇA,ETNIA,CPF,CNS,CARTÃO CIDADÃO,NOME DA MÃE,NOME DO PAI,PAÍS DE NASCIMENTO,DATA DE ENTRADA,DESEJA INFORMAR ORIENTAÇÃO SEXUAL?,QUAL ORIENTAÇÃO SEXUAL?,DESEJA INFORMAR IDENTIDADE DE GENERO?,QUAL IDENTIDADE GENERO?,CÓDIGO INE,EQUIPE NOME,MICROAREA,TEL. RESIDENCIAL,TEL. CELULAR,TEL. RECADO,TEL. COMERCIAL,DATA DO CADASTRO,OPERADOR,ORIGEM CADASTRO,ÓBITO,CADASTRO COMPLETO
CLINICA DA FAMILIA II ALMERINDA CHAVES VARJAO,ABEL ELISIO GOMES ESTEVAM,18/03/1952,74,MASCULINO,Branca,,56950705891,709009881306211,280187,COMETILHA DOS SANTOS ESTEVAM,ELISIO DA CUNHA GOMES ESTEVAM,BRASIL,,Não informado,Não Informado,Não informado,Não Informado,2239043,ESF ALMERINDA,13,11 - 7090 - 2826,11 - 99797 - 8044,,,7/1/2022 6:58:58 PM,integrações/importações,integrações/importações,Não,SIM
CLINICA DA FAMILIA II ALMERINDA CHAVES VARJAO,ABELARDO FERREIRA DA SILVA,15/01/1943,83,MASCULINO,Parda,,671511831,704807084030948,748895,MARIA DA CONCEICAO,NAO INFORMADO,BRASIL,,Não informado,Não Informado,Não informado,Não Informado,2239051,ESF CDHU,,,11 - 97375 - 3418,,,7/1/2022 6:58:58 PM,integrações/importações,integrações/importações,Não,NÃO
CLINICA DA FAMILIA II ALMERINDA CHAVES VARJAO,ABIGAIL CORREIA DE QUEIROZ,23/01/1988,38,FEMININO,Parda,,4297983508,700808423465982,634794,AURELINA MARIA CORREIA DE QUEIROZ,ARGEMIRO CARDOSO DE QUEIROZ,BRASIL,,Não informado,Não Informado,Não informado,Não Informado,2301962,ESF ALMERINDA II,17,,11 - 97292 - 5017,,,10/9/2024 12:30:13 PM,integrações/importações,integrações/importações,Não,SIM
CLINICA DA FAMILIA II ALMERINDA CHAVES VARJAO,ABIGAIL RODRIGUES,26/10/2023,3,FEMININO,Parda,,69464960,704605117262028,973463,KETLYN MONIQUE FORQUINS SOARES RODRIGUES,DAVI RODRIGUES,BRASIL,,Não informado,Não Informado,Não informado,Não Informado,2301962,ESF ALMERINDA II,14,,41 - 99692 - 4371,,,2/7/2024 1:28:32 PM,integrações/importações,integrações/importações,Não,SIM
CLINICA DA FAMILIA II ALMERINDA CHAVES VARJAO,ABILIO FRANCISCO DA SILVA,11/09/1955,71,MASCULINO,Parda,,13756473856,701205033758315,1035890,GUMERCINA FELICISSIMA DA SILVA,JOAQUIM FRANCISCO DA SILVA,BRASIL,,Não informado,Não Informado,Não informado,Não Informado,2301962,ESF ALMERINDA II,16,,11 - 99682 - 3164,,,12/17/2025 8:50:10 AM,integrações/importações,integrações/importações,Não,SIM
CLINICA DA FAMILIA II ALMERINDA CHAVES VARJAO,ABIMADEZIO BARBOSA SANTANA,13/10/1990,36,MASCULINO,Branca,,37318165801,706704556366418,49645,CILA LIMA DOS SANTOS SANTANA,SEBASTIAO BARBOSA SANTANA,BRASIL,,NÃO,Não Informado,NÃO,Não Informado,2239043,ESF ALMERINDA,18,11 - 4807 - 4405,11 - 97374 - 0448,,,3/7/2026 12:50:09 PM,integrações/importações,integrações/importações,Não,SIM
CLINICA DA FAMILIA II ALMERINDA CHAVES VARJAO,ABNER DOS SANTOS ORLANDO,22/03/2020,6,MASCULINO,Parda,,58364711857,704800558339743,860254,NADIEGE TALITA DOS SANTOS ORLANDO,ALEXANDRE ORLANDO,BRASIL,,NÃO,Não Informado,NÃO,Não Informado,2239051,ESF CDHU,10,,11 - 96169 - 9590,,,7/1/2022 6:58:58 PM,integrações/importações,integrações/importações,Não,SIM
CLINICA DA FAMILIA II ALMERINDA CHAVES VARJAO,ABNER LUCAS DA COSTA,24/05/2015,11,MASCULINO,Parda,,60722113803,701401608669334,702779,SUZETTE DE OLIVEIRA,FABIO DA COSTA,BRASIL,,Não informado,Não Informado,Não informado,Não Informado,2301962,ESF ALMERINDA II,17,,11 - 94592 - 8662,,,11/10/2023 2:08:17 PM,USUARIO INTEGRADOR CONNECT SISS,siss ambulatorial,Não,SIM
CLINICA DA FAMILIA II ALMERINDA CHAVES VARJAO,ABNER LUIZ FERREIRA SANTOS,11/08/1999,27,MASCULINO,Branca,,47594565894,704103603647250,286840,REGINA FERREIRA SANTOS,ODAIR FERREIRA SANTOS,BRASIL,,Não informado,Não Informado,Não informado,Não Informado,2301962,ESF ALMERINDA II,15,,11 - 9356 - 7143,,,10/6/2025 8:00:18 AM,integrações/importações,integrações/importações,Não,SIM
